-- phpMyAdmin SQL Dump
-- version 5.2.0
-- https://www.phpmyadmin.net/
--
-- Host: 127.0.0.1
-- Generation Time: Dec 02, 2023 at 08:09 AM
-- Server version: 10.4.27-MariaDB
-- PHP Version: 8.2.0

SET SQL_MODE = "NO_AUTO_VALUE_ON_ZERO";
START TRANSACTION;
SET time_zone = "+00:00";


/*!40101 SET @OLD_CHARACTER_SET_CLIENT=@@CHARACTER_SET_CLIENT */;
/*!40101 SET @OLD_CHARACTER_SET_RESULTS=@@CHARACTER_SET_RESULTS */;
/*!40101 SET @OLD_COLLATION_CONNECTION=@@COLLATION_CONNECTION */;
/*!40101 SET NAMES utf8mb4 */;

--
-- Database: `inventorymanagement1`
--

-- --------------------------------------------------------

--
-- Table structure for table `categories`
--

CREATE TABLE `categories` (
  `id` int(11) UNSIGNED NOT NULL,
  `name` varchar(60) NOT NULL
) ENGINE=InnoDB DEFAULT CHARSET=utf8 COLLATE=utf8_general_ci;

--
-- Dumping data for table `categories`
--

INSERT INTO `categories` (`id`, `name`) VALUES
(1, 'Demo Category'),
(3, 'Finished Goods'),
(5, 'Machinery'),
(9, 'Operating Supplies'),
(4, 'Packing Materials'),
(2, 'Raw Materials'),
(10, 'Semi Finished Materials');

-- --------------------------------------------------------

--
-- Table structure for table `media`
--

CREATE TABLE `media` (
  `id` int(11) UNSIGNED NOT NULL,
  `file_name` varchar(255) NOT NULL,
  `file_type` varchar(100) NOT NULL
) ENGINE=InnoDB DEFAULT CHARSET=latin1 COLLATE=latin1_swedish_ci;

-- --------------------------------------------------------

--
-- Table structure for table `products`
--

CREATE TABLE `products` (
  `id` int(11) UNSIGNED NOT NULL,
  `name` varchar(255) NOT NULL,
  `quantity` varchar(50) DEFAULT NULL,
  `buy_price` decimal(25,2) DEFAULT NULL,
  `sale_price` decimal(25,2) NOT NULL,
  `categorie_id` int(11) UNSIGNED NOT NULL,
  `media_id` int(11) DEFAULT 0,
  `date` datetime NOT NULL
) ENGINE=InnoDB DEFAULT CHARSET=utf8 COLLATE=utf8_general_ci;

--
-- Dumping data for table `products`
--

INSERT INTO `products` (`id`, `name`, `quantity`, `buy_price`, `sale_price`, `categorie_id`, `media_id`, `date`) VALUES
(14, 'NIMBEX 2MG/ML', '1596', '144.00', '145.00', 3, 0, '2023-12-01 05:47:03'),
(15, 'MITOMYCIN-C 10MG INJECTION', '6000', '284.00', '290.00', 3, 0, '2023-12-01 19:47:55'),
(600395, 'ALKERAN 50MG INJ FD VIL 1X17ML EE S36', '288', '480.04', '481.04', 3, 0, '0000-00-00 00:00:00'),
(600396, 'CAMCOLIT 400MG TAB SEC 100 SEC S36', '24561', '8.18', '9.18', 3, 0, '0000-00-00 00:00:00'),
(600397, 'ASPEN WARFARIN 5MG TAB 100', '48000', '85.06', '86.06', 3, 0, '0000-00-00 00:00:00'),
(610112, 'AL DICLOFENAC 50MG TAB SEC 500', '7000', '63.38', '64.38', 3, 0, '0000-00-00 00:00:00'),
(610115, 'A-LENNON DICLOFENAC SUPPS 10', '9900', '17.85', '18.85', 3, 0, '0000-00-00 00:00:00'),
(610805, 'A-LENNON DOXYCYCLINE 100MG CAPS    1000', '423', '475.46', '476.46', 4, 0, '0000-00-00 00:00:00'),
(621019, 'ZYLOPRIM 100MG TAB BL50(PANAMA/CENAM)', '1804', '17.81', '18.81', 4, 0, '0000-00-00 00:00:00'),
(621027, 'ZYLOPRIM 300MG TAB BL 28(PANAMA/CENAM)', '5000', '11.83', '12.83', 4, 0, '0000-00-00 00:00:00'),
(621036, 'ZYLORIC 100MG TAB BL 100(SINGAPORE)', '2000', '21.91', '22.91', 4, 0, '0000-00-00 00:00:00'),
(621038, 'ZYLORIC 300MG TAB BL 100(SINGAPORE)', '700', '37.74', '38.74', 4, 0, '0000-00-00 00:00:00'),
(621068, 'INDOCID 25MG CAP BL 50(HONG KONG)', '800', '31.59', '32.59', 4, 0, '0000-00-00 00:00:00'),
(621074, 'ZYLORIC ALLO 300MG TAB BL 30 HK', '9000', '13.11', '14.11', 4, 0, '0000-00-00 00:00:00'),
(621082, 'ZYLOPRIM 100MG TAB BL 60(MEX)', '20000', '10.58', '11.58', 4, 0, '0000-00-00 00:00:00'),
(621083, 'ZYLOPRIM 300MG TAB BL 30(MEX)', '13333', '9.65', '10.65', 4, 0, '0000-00-00 00:00:00'),
(621084, 'ZYLOPRIM 300MG TAB BL 60(MEX)', '6666', '17.28', '18.28', 4, 0, '0000-00-00 00:00:00'),
(621085, 'ZYLORIC 100MG TAB BL 30 (PERU)', '10000', '7.39', '8.39', 4, 0, '0000-00-00 00:00:00'),
(621086, 'ZYLORIC 300MG TAB BL 30 (PERU)', '13333', '10.04', '11.04', 4, 0, '0000-00-00 00:00:00'),
(621088, 'ROBAXIN 500MG TAB BL 20', '9750', '33.88', '34.88', 4, 0, '0000-00-00 00:00:00'),
(621089, 'ROBAXIN 750MG TAB BL 20', '6500', '44.97', '45.97', 4, 0, '0000-00-00 00:00:00'),
(621100, 'PURINETHOL 50MG TABS BOT 25 (AT)', '5000', '27.93', '28.93', 4, 0, '0000-00-00 00:00:00'),
(621101, 'Purinethol 50mg Tabs Bot25(BE)', '5000', '28.00', '29.00', 4, 0, '0000-00-00 00:00:00'),
(621102, 'Purinethol 50mg Tabs Bot25(BG)', '1080', '60.72', '61.72', 4, 0, '0000-00-00 00:00:00'),
(621103, 'Purinethol 50mg Tabs Bot25(CZ)', '1700', '44.63', '45.63', 4, 0, '0000-00-00 00:00:00'),
(621104, 'Purinethol 50mg Tabs Bot25(EE)', '150', '161.06', '162.06', 4, 0, '0000-00-00 00:00:00'),
(621105, 'PURINETHOL 50MG TAB BOT 25(FR)', '23000', '20.02', '21.02', 4, 0, '0000-00-00 00:00:00'),
(621106, 'PURINETHOL 50MG TAB BOT 25(DE)', '23000', '20.02', '21.02', 4, 0, '0000-00-00 00:00:00'),
(621107, 'PURINETHOL 50MG TAB BOT 25(IE)', '7500', '24.93', '25.93', 4, 0, '0000-00-00 00:00:00'),
(621108, 'PURINETHOL 50MG TAB BOT 25(IT)', '33500', '19.15', '20.15', 4, 0, '0000-00-00 00:00:00'),
(621109, 'Purinethol 50mg Tabs Bot25(LT)', '1500', '52.60', '53.60', 4, 0, '0000-00-00 00:00:00'),
(621110, 'PURINETHOL 50 MG TABS BOT 25 (NO)', '1080', '58.56', '59.56', 4, 0, '0000-00-00 00:00:00'),
(621111, 'Purinethol 50mg Tabs Bot25(RO)', '5000', '28.25', '29.25', 4, 0, '0000-00-00 00:00:00'),
(621112, 'Purinethol 50mg Tabs Bot25(SK)', '500', '98.49', '99.49', 4, 0, '0000-00-00 00:00:00'),
(621113, 'Purinethol 50mg Tabs Bot25(SI)', '650', '90.86', '91.86', 4, 0, '0000-00-00 00:00:00'),
(621114, 'PURI-NETHOL 50MG TAB BOT 25 (ZA)', '5000', '27.64', '28.64', 4, 0, '0000-00-00 00:00:00'),
(621115, 'Purinethol 50mg Tab Bot 50(CH)', '5000', '27.09', '28.09', 4, 0, '0000-00-00 00:00:00'),
(621116, 'PURINETHOL 50 MG TABS BOT 25(SE)', '5000', '27.33', '28.33', 4, 0, '0000-00-00 00:00:00'),
(621117, 'MERCAPTOPURINE 50 MG TAB BOT 25(GB)', '72000', '18.72', '19.72', 4, 0, '0000-00-00 00:00:00'),
(621119, 'PURINETHOL 50MG TAB BOT 25 (AU)', '30000', '18.76', '19.76', 4, 0, '0000-00-00 00:00:00'),
(621120, 'PURINETHOL 50MG TAB BOT 25 (CL', '1000', '55.28', '56.28', 4, 0, '0000-00-00 00:00:00'),
(621121, 'PURINETHOL 50MG TAB BOT 25 (CO', '5040', '24.25', '25.25', 4, 0, '0000-00-00 00:00:00'),
(621122, 'PURINETHOL 50MG TAB BOT 25 (EG', '10000', '20.46', '21.46', 4, 0, '0000-00-00 00:00:00'),
(621123, 'PURINETHOL 50MG TAB BOT 25 (HK', '1400', '44.28', '45.28', 4, 0, '0000-00-00 00:00:00'),
(621124, 'PURINETHOL 50MG TAB BOT 25 (IL', '5000', '24.48', '25.48', 4, 0, '0000-00-00 00:00:00'),
(621125, 'PURINETHOL 50MG TAB BOT 25 (KE', '400', '91.52', '92.52', 4, 0, '0000-00-00 00:00:00'),
(621126, 'PURINETHOL 50MG TAB BOT 25 (NL', '22500', '20.44', '21.44', 4, 0, '0000-00-00 00:00:00'),
(621127, 'PURINETHOL 50MG TAB BOT 25 (NZ)', '10500', '21.15', '22.15', 4, 0, '0000-00-00 00:00:00'),
(621128, 'PURINETHOL 50MG TAB BOT 25 (OM', '150', '13.17', '14.17', 4, 0, '0000-00-00 00:00:00'),
(621130, 'Purinethol 50mg Tabs Bot25(TL)', '5000', '24.48', '25.48', 4, 0, '0000-00-00 00:00:00'),
(621131, 'Purinethol 50mg Tabs Bot25(TR)', '18000', '18.92', '19.92', 4, 0, '0000-00-00 00:00:00'),
(621132, 'Purinethol 50mg Tabs Bot25(UA)', '5000', '24.48', '25.48', 4, 0, '0000-00-00 00:00:00'),
(621133, 'Purinethol 50mg Tabs Bot25(UY)', '400', '91.52', '92.52', 4, 0, '0000-00-00 00:00:00'),
(621135, 'PURINETHOL 50 MG TAB BOT 25', '5000', '27.08', '28.08', 4, 0, '0000-00-00 00:00:00'),
(621204, 'ZYLORIC 100MG T BL 100 (ALGERIA)', '12000', '12.25', '13.25', 4, 0, '0000-00-00 00:00:00'),
(621210, 'ZYLORIC 100 MG TAB BL 100 GNE', '12000', '12.71', '13.71', 4, 0, '0000-00-00 00:00:00'),
(621211, 'ZYLORIC 100 MG TAB BL 50 GNE', '24000', '8.35', '9.35', 4, 0, '0000-00-00 00:00:00'),
(621212, 'ZYLORIC 300 MG TAB BL 28 GNE', '14285', '8.93', '9.93', 4, 0, '0000-00-00 00:00:00'),
(621220, 'ZYLORIC 100 MG TAB BL 100 MMW', '12000', '12.75', '13.75', 4, 0, '0000-00-00 00:00:00'),
(621221, 'ZYLORIC 100MG TAB BL 50 MMW', '24000', '8.63', '9.63', 4, 0, '0000-00-00 00:00:00'),
(621222, 'ZYLORIC 300MG TAB BL 28 MMW', '14285', '9.13', '10.13', 4, 0, '0000-00-00 00:00:00'),
(621223, 'IMUREL 50MG TAB BL 100 FR', '12600', '32.24', '33.24', 4, 0, '0000-00-00 00:00:00'),
(621224, 'IMURAN 50MG TAB BL 100 (GB)', '12600', '31.66', '32.66', 4, 0, '0000-00-00 00:00:00'),
(621225, 'IMUREK 50MG TAB BL 100 DE(GERMANY)', '12600', '31.98', '32.98', 4, 0, '0000-00-00 00:00:00'),
(621226, 'IMURAN 50MG TAB BL 50 PT(PORTUGAL)', '25200', '16.87', '17.87', 4, 0, '0000-00-00 00:00:00'),
(621227, 'IMUREL 25MG TAB BL 50 FR', '25200', '20.50', '21.50', 4, 0, '0000-00-00 00:00:00'),
(621228, 'IMUREK 50MG TAB BL 100 CH(SWITZER)', '12600', '31.49', '32.49', 4, 0, '0000-00-00 00:00:00'),
(621229, 'IMUREK 50MG TAB BL 50 CH(SWITZER)', '6300', '21.09', '22.09', 4, 0, '0000-00-00 00:00:00'),
(621230, 'IMURAN 25MG TAB BL 50 PT(PORT)', '12600', '21.07', '22.07', 4, 0, '0000-00-00 00:00:00'),
(621231, 'IMUREK 25MG TAB BL 50 CH', '6300', '24.09', '25.09', 4, 0, '0000-00-00 00:00:00'),
(621232, 'IMUREK 25MG TAB BL100 DE(Germany)', '6300', '41.85', '42.85', 4, 0, '0000-00-00 00:00:00'),
(621234, 'IMURAN 25MG TAB BL 100 GB', '6300', '41.03', '42.03', 4, 0, '0000-00-00 00:00:00'),
(621235, 'IMURAN 25MG TAB BL 100 (IE)', '6300', '41.20', '42.20', 4, 0, '0000-00-00 00:00:00'),
(621236, 'IMURAN 50MG TAB BL 100 (IE)', '12600', '32.13', '33.13', 4, 0, '0000-00-00 00:00:00'),
(621237, 'IMUREL 25MG TAB BL 50 (NO)', '6300', '24.41', '25.41', 4, 0, '0000-00-00 00:00:00'),
(621238, 'IMUREL 50MG TAB BL 100 (NO)', '12600', '31.74', '32.74', 4, 0, '0000-00-00 00:00:00'),
(621239, 'IMURAN 25MG TAB BL 100(POLAND)', '6300', '41.64', '42.64', 4, 0, '0000-00-00 00:00:00'),
(621240, 'IMURAN 50MG TAB BL100 (POLAND)', '12600', '31.59', '32.59', 4, 0, '0000-00-00 00:00:00'),
(621241, 'IMURAN 50MG TAB BL100 (ZA)', '5000', '35.56', '36.56', 4, 0, '0000-00-00 00:00:00'),
(621244, 'IMURAN 25MG TAB BL 100(AU)', '12600', '37.33', '38.33', 4, 0, '0000-00-00 00:00:00'),
(621245, 'IMURAN 50MG TAB BL 100(AU)', '12600', '30.87', '31.87', 4, 0, '0000-00-00 00:00:00'),
(621246, 'IMURAN 25MG TAB BL 100(NZ)', '1200', '61.55', '62.55', 4, 0, '0000-00-00 00:00:00'),
(621247, 'IMURAN 50MG TAB BL 100 (NZ)', '12600', '30.87', '31.87', 4, 0, '0000-00-00 00:00:00'),
(621248, 'IMURAN 25MG TAB BL 100 (HU)', '6300', '40.74', '41.74', 4, 0, '0000-00-00 00:00:00'),
(621249, 'IMURAN 50MG TAB BL 100 (HU)', '12600', '31.77', '32.77', 4, 0, '0000-00-00 00:00:00'),
(621250, 'IMURAN 25MG TAB BL 100 (TR)', '12600', '38.15', '39.15', 4, 0, '0000-00-00 00:00:00'),
(621251, 'IMURAN 50MG TAB BL 100 (TR)', '12600', '31.14', '32.14', 4, 0, '0000-00-00 00:00:00'),
(621253, 'AZATHIOPRINA 50MG TAB BL 50(IT)', '25200', '17.06', '18.06', 4, 0, '0000-00-00 00:00:00'),
(621254, 'IMURAN 50MG TAB BL 100 (RO)', '12600', '31.51', '32.51', 4, 0, '0000-00-00 00:00:00'),
(621255, 'IMUREK 50MG TAB BL 50 (AT)', '25200', '17.05', '18.05', 4, 0, '0000-00-00 00:00:00'),
(621256, 'IMURAN 25MG TAB BL 100 HOS(BE)', '6300', '49.01', '50.01', 4, 0, '0000-00-00 00:00:00'),
(621257, 'IMURAN 50MG TAB BL 100 HOS(BE)', '12600', '39.55', '40.55', 4, 0, '0000-00-00 00:00:00'),
(621258, 'IMURAN 50MG TAB BL 100 (BG)', '6300', '34.23', '35.23', 4, 0, '0000-00-00 00:00:00'),
(621259, 'IMURAN 50MG TAB BL 100 (HR)', '6300', '33.36', '34.36', 4, 0, '0000-00-00 00:00:00'),
(621260, 'IMURAN 25MG TAB BL 100 (CZ)', '6300', '41.70', '42.70', 4, 0, '0000-00-00 00:00:00'),
(621261, 'IMURAN 50MG TAB BL 100 (CZ)', '12600', '31.58', '32.58', 4, 0, '0000-00-00 00:00:00'),
(621262, 'IMUREL 25MG TAB BL 50 (DK/IS)', '6300', '24.76', '25.76', 4, 0, '0000-00-00 00:00:00'),
(621263, 'IMUREL 50MG TAB BL 100 (DK/IS)', '12600', '31.42', '32.42', 4, 0, '0000-00-00 00:00:00'),
(621264, 'IMURAN 50MG TAB BL 100 (EE)', '3150', '42.59', '43.59', 4, 0, '0000-00-00 00:00:00'),
(621265, 'IMUREL 25MG TAB BL 50 (FI)', '12600', '21.36', '22.36', 4, 0, '0000-00-00 00:00:00'),
(621266, 'IMUREL 50MG TAB BL 100 (FI)', '12600', '31.60', '32.60', 4, 0, '0000-00-00 00:00:00'),
(621269, 'IMURAN 50MG TAB BL 100 (LV)', '1500', '54.70', '55.70', 4, 0, '0000-00-00 00:00:00'),
(621270, 'IMURAN 50MG TAB BL 100 (LT)', '1500', '54.61', '55.61', 4, 0, '0000-00-00 00:00:00'),
(621271, 'IMURAN 25MG TAB BL 50 HOS (NL)', '500', '88.93', '89.93', 4, 0, '0000-00-00 00:00:00'),
(621272, 'IMURAN 50MG TAB BL 50 HOS (NL)', '1500', '44.67', '45.67', 4, 0, '0000-00-00 00:00:00'),
(621273, 'IMURAN 25MG TAB BL100(SLOVAKIA)', '2000', '57.75', '58.75', 4, 0, '0000-00-00 00:00:00'),
(621274, 'IMURAN 50MG TAB BL100(SLOVAKIA)', '12600', '31.58', '32.58', 4, 0, '0000-00-00 00:00:00'),
(621275, 'IMURAN 50MG TAB BL 100(SI)', '3000', '41.15', '42.15', 4, 0, '0000-00-00 00:00:00'),
(621276, 'IMUREL 25MG TAB BL 50(SE)', '12600', '21.19', '22.19', 4, 0, '0000-00-00 00:00:00'),
(621277, 'IMUREL 50MG TAB BL 100(SE)', '5000', '35.81', '36.81', 4, 0, '0000-00-00 00:00:00'),
(621278, 'IMURAN 50MG TAB BL 100(RS)', '12600', '31.83', '32.83', 4, 0, '0000-00-00 00:00:00'),
(621279, 'IMURAN 50MG TAB BL 100(UA)', '2600', '44.27', '45.27', 4, 0, '0000-00-00 00:00:00'),
(621280, 'IMURAN 25MG TAB BL 100(IL)', '1500', '57.72', '58.72', 4, 0, '0000-00-00 00:00:00'),
(621281, 'IMURAN 50MG TAB BL 100(IL)', '12600', '31.46', '32.46', 4, 0, '0000-00-00 00:00:00'),
(621286, 'PURI-NETHOL 50MG TAB BOT 25', '1000', '8.35', '9.35', 4, 0, '0000-00-00 00:00:00'),
(621288, 'IMUREL 50MG TAB BL 50 (DK)', '0', '12.80', '13.80', 4, 0, '0000-00-00 00:00:00'),
(621289, 'IMURAN 50MG TAB BL 100 (NL)', '5000', '36.38', '37.38', 4, 0, '0000-00-00 00:00:00'),
(621295, 'IMURAN 25MG TAB BL 25 FCC (STABILITY)', '1000', '8.22', '9.22', 4, 0, '0000-00-00 00:00:00'),
(621297, 'IMURAN 50MG TAB BL 100(BA)', '3500', '37.33', '38.33', 4, 0, '0000-00-00 00:00:00'),
(621301, 'IMURAN 50 MG TABS BL 25 (AR)', '50400', '8.92', '9.92', 4, 0, '0000-00-00 00:00:00'),
(621302, 'IMURAN 50MG Tab BL 50 (BR)', '12600', '17.81', '18.81', 4, 0, '0000-00-00 00:00:00'),
(621303, 'IMURAN 50mg TAB BL 100 (BR)', '12600', '31.26', '32.26', 4, 0, '0000-00-00 00:00:00'),
(621305, 'IMURAN 50MG TAB BL 100(CN)', '12600', '31.02', '32.02', 4, 0, '0000-00-00 00:00:00'),
(621306, 'IMURAN 50MG TAB BL 100 (CO)', '6300', '33.52', '34.52', 4, 0, '0000-00-00 00:00:00'),
(621307, 'IMURAN 50MG TAB BL 100 (EC)', '5000', '35.62', '36.62', 4, 0, '0000-00-00 00:00:00'),
(621308, 'IMURAN 25MG TAB BL 100 (HK)', '500', '112.65', '113.65', 4, 0, '0000-00-00 00:00:00'),
(621309, 'IMURAN 50MG TAB BL 100 (HK)', '500', '86.74', '87.74', 4, 0, '0000-00-00 00:00:00'),
(621310, 'IMURAN 50MG TAB BL 100 (ID)', '1000', '59.46', '60.46', 4, 0, '0000-00-00 00:00:00'),
(621311, 'IMURAN 50MG TAB BL 100 (KE)', '350', '113.25', '114.25', 4, 0, '0000-00-00 00:00:00'),
(621312, 'IMURAN 50MG TAB BL 100 (KR)', '12600', '31.38', '32.38', 4, 0, '0000-00-00 00:00:00'),
(621313, 'IMURAN 50MG TAB BL 100 (MY)', '12600', '31.60', '32.60', 4, 0, '0000-00-00 00:00:00'),
(621314, 'IMURAN 50 MG TABS BL 25 (MX)', '25200', '9.39', '10.39', 4, 0, '0000-00-00 00:00:00'),
(621315, 'IMURAN 50MG TAB BL 50 (MX)', '25200', '16.40', '17.40', 4, 0, '0000-00-00 00:00:00'),
(621316, 'IMURAN 50MG TAB BL 100 (PA)', '6300', '34.19', '35.19', 4, 0, '0000-00-00 00:00:00'),
(621317, 'IMURAN 50MG TAB BL 100(CL/PG)', '5000', '35.61', '36.61', 4, 0, '0000-00-00 00:00:00'),
(621318, 'IMURAN 50MG TAB BL 100 (PH)', '5000', '35.62', '36.62', 4, 0, '0000-00-00 00:00:00'),
(621319, 'IMURAN 50MG TAB BL 100 (SG)', '500', '100.90', '101.90', 4, 0, '0000-00-00 00:00:00'),
(621320, 'IMURAN 50MG TAB BL 100 (TW)', '6300', '34.82', '35.82', 4, 0, '0000-00-00 00:00:00'),
(621321, 'IMURAN 50MG TAB BL 100 (TL)', '6300', '34.19', '35.19', 4, 0, '0000-00-00 00:00:00'),
(621322, 'IMURAN 50MG TAB BL 100 (UY)', '500', '85.06', '86.06', 4, 0, '0000-00-00 00:00:00'),
(621326, 'EMDOLTEN TAB BOT 28 (PHEKO)', '20714', '64.11', '65.11', 4, 0, '0000-00-00 00:00:00'),
(621327, 'Gradovir 50mg  Tab Bot 30 (PHE', '13333', '98.60', '99.60', 4, 0, '0000-00-00 00:00:00'),
(621328, 'TRIBUSS TAB BOT 28 (PHEKO)', '28571', '81.90', '82.90', 4, 0, '0000-00-00 00:00:00'),
(621329, 'Tencitab Tab Bot 30 (PHEKO)', '21428', '51.89', '52.89', 4, 0, '0000-00-00 00:00:00'),
(621333, 'LEVOTHYROXINE 25 MCG TAB SBP 700 STAB', '143', '55.11', '56.11', 4, 0, '0000-00-00 00:00:00'),
(621334, 'LEVOTHYROXINE 125 MCG TAB BOT 90 STAB', '1111', '7.25', '8.25', 4, 0, '0000-00-00 00:00:00'),
(621337, 'LEVOTHYROXINE 125 MCG TAB SBP 700 STAB', '143', '55.11', '56.11', 4, 0, '0000-00-00 00:00:00'),
(621341, 'Levothyrox 300mcg Tab SBP 700 STAB', '143', '55.11', '56.11', 4, 0, '0000-00-00 00:00:00'),
(621391, 'IMURAN 50MG TAB BL 100 (EG)', '11000', '37.76', '38.76', 4, 0, '0000-00-00 00:00:00'),
(630136, 'MIVACURIUM 2MG/ML INJ AMP 5X5ML GB', '3428', '0.00', '1.00', 4, 0, '0000-00-00 00:00:00'),
(699905, 'ARIXTRA 10MG/0.8ML PFS 10 ZA', '864', '1970.94', '1971.94', 4, 0, '0000-00-00 00:00:00'),
(699906, 'ARIXTRA 5MG/0.4ML PFS 10 ZA', '1728', '985.47', '986.47', 4, 0, '0000-00-00 00:00:00'),
(699907, 'ARIXTRA 7.5MG/0.6ML PFS 10 ZA', '1728', '1480.26', '1481.26', 4, 0, '0000-00-00 00:00:00'),
(699908, 'ARIXTRA 2.5MG/0.5ML PFS 10 ZA', '2000', '813.18', '814.18', 4, 0, '0000-00-00 00:00:00'),
(700103, 'AGGRASTET INJ 0.05MG/ML IV 250ML BAG ZA', '1008', '2341.50', '2342.50', 4, 0, '0000-00-00 00:00:00'),
(700201, 'ASPELONE LIQUID 50ml', '95000', '9.16', '10.16', 4, 0, '0000-00-00 00:00:00'),
(700900, 'BANOGON 2% OIN TB 1X15G ZA', '33333', '24.01', '25.01', 4, 0, '0000-00-00 00:00:00'),
(701500, 'ASP TENOFOVIR DF 300MG TAB BOT 30', '45000', '35.32', '36.32', 4, 0, '0000-00-00 00:00:00'),
(701501, 'ASPEN TENOFOVIR TAB BOT 30', '30000', '58.50', '59.50', 4, 0, '0000-00-00 00:00:00'),
(701705, 'ACUFLU P SYRUP 100ml', '1', '11.39', '12.39', 4, 0, '0000-00-00 00:00:00'),
(702006, 'A F OINTMENT 25g [NC]', '20000', '15.60', '16.60', 4, 0, '0000-00-00 00:00:00'),
(702010, 'A F OINTMENT 25g [NC] [TENDER]', '20000', '15.64', '16.64', 4, 0, '0000-00-00 00:00:00'),
(702701, 'KLAVIMAXCIL  1000MG DISP TABLET', '20000', '124.61', '125.61', 4, 0, '0000-00-00 00:00:00'),
(702901, 'ALTOSEC 20MG CAP 28', '70000', '34.83', '35.83', 4, 0, '0000-00-00 00:00:00'),
(703010, 'AMILORETIC TAB BL 100 B/P', '11200', '47.39', '48.39', 4, 0, '0000-00-00 00:00:00'),
(703015, 'AMILORETIC TABS SEC 1000', '1120', '419.59', '420.59', 4, 0, '0000-00-00 00:00:00'),
(703025, 'AMILORETIC HS TAB BL 30 B/P', '37333', '9.88', '10.88', 4, 0, '0000-00-00 00:00:00'),
(703101, 'Alkeran 50mg POI FD Vial 1 ZA', '288', '496.85', '497.85', 4, 0, '0000-00-00 00:00:00'),
(703105, 'ALKERAN 2MG TAB BL 25 ZA', '288', '495.32', '496.32', 4, 0, '0000-00-00 00:00:00'),
(704001, 'A-POR TOPICAL CREAM 20g [NC]', '29700', '8.23', '9.23', 4, 0, '0000-00-00 00:00:00'),
(704002, 'A-POR VAGINAL CREAM 50g [NC]', '11880', '21.35', '22.35', 4, 0, '0000-00-00 00:00:00'),
(704415, 'ATAZANAVIR 200MG CAP BOT 60', '3233', '324.83', '325.83', 4, 0, '0000-00-00 00:00:00'),
(704455, 'ASP ATAZANAVIR 150 MG CAP 60', '2167', '64.42', '65.42', 4, 0, '0000-00-00 00:00:00'),
(704460, 'ASP ATAZANAVIR 200 MG CAP 60', '1850', '62.64', '63.64', 4, 0, '0000-00-00 00:00:00'),
(704508, 'AMPHOJEL SUSPENSION 200ML', '5000', '43.54', '44.54', 4, 0, '0000-00-00 00:00:00'),
(704701, 'ASP TENOFOVIR/EMTRICIT TAB BOT 30', '20000', '75.93', '76.93', 4, 0, '0000-00-00 00:00:00'),
(704703, 'TENCITAB TAB BOT 30', '20000', '81.51', '82.51', 4, 0, '0000-00-00 00:00:00'),
(705801, 'ASPEQUEL 25MG TABS BL 100 B/P', '14960', '64.87', '65.87', 4, 0, '0000-00-00 00:00:00'),
(705802, 'ASPEQUEL 100MG TABS BL 90 B/P', '4155', '174.19', '175.19', 4, 0, '0000-00-00 00:00:00'),
(705803, 'ASPEQUEL 200MG TABS BL 60 B/P', '3116', '225.18', '226.18', 4, 0, '0000-00-00 00:00:00'),
(705901, 'ASPEN ABACAVIR 20MG/ML 240ML', '20791', '45.96', '46.96', 4, 0, '0000-00-00 00:00:00'),
(706200, 'ASPEN EFAVIRENZ600MGTABB/BAG30 TND', '25000', '39.26', '40.26', 4, 0, '0000-00-00 00:00:00'),
(706201, 'ASP EFAVIRENZ 600MG TAB BOT 30', '25000', '47.35', '48.35', 4, 0, '0000-00-00 00:00:00'),
(706206, 'ASPEN EFAVIRENZ600MGTABB/BAG28', '26785', '37.27', '38.27', 4, 0, '0000-00-00 00:00:00'),
(706705, 'ASPEN MOMETASONE CREAM 20g [C]', '29550', '17.25', '18.25', 4, 0, '0000-00-00 00:00:00'),
(706906, 'AP LORATADINE 10MG TAB BL 10', '100000', '4.30', '5.30', 4, 0, '0000-00-00 00:00:00'),
(706915, 'AP LORATADINE 10mg TAB BL 30 B/P', '33333', '8.56', '9.56', 4, 0, '0000-00-00 00:00:00'),
(706916, 'AP LORATADINE 10MG TAB BL 30', '33333', '9.24', '10.24', 4, 0, '0000-00-00 00:00:00'),
(706926, 'AP LORATADINE SYRUP 150ML', '6633', '23.16', '24.16', 4, 0, '0000-00-00 00:00:00'),
(707112, 'STAVUDINE 30MG CAP SEC 60 EN/AFR', '17500', '21.91', '22.91', 4, 0, '0000-00-00 00:00:00'),
(707205, 'ASP ZIDOVUDINE 300MG TAB BL 60 (LOCAL)', '12500', '79.91', '80.91', 4, 0, '0000-00-00 00:00:00'),
(707206, 'ASPENZIDOVUDINE300MGTABB/BAG60 TENDER', '12500', '75.73', '76.73', 4, 0, '0000-00-00 00:00:00'),
(707210, 'ASPEN ZIDOVUDINE SYRUP 200ml', '12438', '28.55', '29.55', 4, 0, '0000-00-00 00:00:00'),
(707305, 'ASPEN LAMIVUDINE 10MG/ML SOL 240ML', '10365', '25.33', '26.33', 4, 0, '0000-00-00 00:00:00'),
(707310, 'ASPEN LAMIVUDINE150MGTAB SEC60', '16666', '32.54', '33.54', 4, 0, '0000-00-00 00:00:00'),
(707312, 'ASPENLAMIVUDINE150MGTAB B/BAG60', '33333', '26.78', '27.78', 4, 0, '0000-00-00 00:00:00'),
(707313, 'ASPENLAMIVUDINE150MGTABB/BAG56', '35714', '25.58', '26.58', 4, 0, '0000-00-00 00:00:00'),
(707315, 'ASP LAMIVUDINE 150MG TAB SEC 60(WHO)', '33333', '31.03', '32.03', 4, 0, '0000-00-00 00:00:00'),
(707407, 'NEVIRAPINE 200MG TAB BL 60 B/P', '13833', '45.69', '46.69', 4, 0, '0000-00-00 00:00:00'),
(707408, 'ASPENNEVIRAPINE200MGTABB/BAG60 TND', '27666', '40.40', '41.40', 4, 0, '0000-00-00 00:00:00'),
(707410, 'ASPEN NEVIRAPINE SUSP 240ML', '6250', '38.62', '39.62', 4, 0, '0000-00-00 00:00:00'),
(707412, 'ASPEN NEVIRAPINE 200MG TABB/BAG56', '29642', '38.59', '39.59', 4, 0, '0000-00-00 00:00:00'),
(707800, 'ASPEN FLUCONAZOLE50MGCAP BL 14', '11428', '24.81', '25.81', 4, 0, '0000-00-00 00:00:00'),
(707803, 'ASPEN FLUCONAZOLE 50MG CAP 14 ZA', '11429', '21.10', '22.10', 4, 0, '0000-00-00 00:00:00'),
(707805, 'ASPEN FLUCONAZOLE150MGCAP BL 1', '55000', '5.62', '6.62', 4, 0, '0000-00-00 00:00:00'),
(707806, 'ASPEN FLUCONAZOLE 150MG CAP 1ZA', '55000', '4.40', '5.40', 4, 0, '0000-00-00 00:00:00'),
(707810, 'ASPEN FLUCONAZOLE150MGCAP BL 4', '13750', '15.81', '16.81', 4, 0, '0000-00-00 00:00:00'),
(707811, 'ASPEN FLUCONAZOLE 150MG CAP 4 ZA', '13750', '12.66', '13.66', 4, 0, '0000-00-00 00:00:00'),
(707815, 'ASP FLUCONAZOLE 200MG CAP BL28', '3035', '75.47', '76.47', 4, 0, '0000-00-00 00:00:00'),
(707816, 'ASPEN FLUCONAZOLE 200MG CAP 28 ZA', '6072', '65.94', '66.94', 4, 0, '0000-00-00 00:00:00'),
(707821, 'ASPEN FLUCONAZOLE IV 400MG/200ML 10 ZA', '810', '20.24', '21.24', 4, 0, '0000-00-00 00:00:00'),
(707909, 'ASP LAMZID TAB BL 60 ZONE IV', '13833', '94.72', '95.72', 4, 0, '0000-00-00 00:00:00'),
(707910, 'ASP LAMZID TAB BL 60(LOCAL MKT)', '13833', '108.20', '109.20', 4, 0, '0000-00-00 00:00:00'),
(707913, 'ASP LAMZID TAB BL 60 B/P EN/FR', '13833', '103.61', '104.61', 4, 0, '0000-00-00 00:00:00'),
(708005, 'AREM 5MG TAB SEC 30', '13333', '19.12', '20.12', 4, 0, '0000-00-00 00:00:00'),
(708010, 'AREM 5MG TAB SEC 250', '1600', '126.80', '127.80', 4, 0, '0000-00-00 00:00:00'),
(708100, 'ASP PENTOXIFYLLINE SR400MG SEC 100', '3000', '202.62', '203.62', 4, 0, '0000-00-00 00:00:00'),
(708105, 'ASP PENTOXIFYLLINE SR400MG TAB SEC30', '10000', '65.74', '66.74', 4, 0, '0000-00-00 00:00:00'),
(708201, 'MYBUCOD TABS 30', '20000', '21.02', '22.02', 4, 0, '0000-00-00 00:00:00'),
(708306, 'MURINE CLEAR EYES  BOT 15ML 1 ZA', '18000', '28.56', '29.56', 4, 0, '0000-00-00 00:00:00'),
(708310, 'MURINE MOISTURE EYES BOT 15ML 1 ZA', '30000', '26.51', '27.51', 4, 0, '0000-00-00 00:00:00'),
(708810, 'VENTEZE CFC FREE INH', '72000', '17.55', '18.55', 4, 0, '0000-00-00 00:00:00'),
(708812, 'VENTEZE CFC FREE INH ZA', '72000', '0.87', '1.87', 4, 0, '0000-00-00 00:00:00'),
(709005, 'ARTHREXIN 25MG CAP SEC 100', '24000', '22.54', '23.54', 4, 0, '0000-00-00 00:00:00'),
(709010, 'ARTHREXIN 25MG CAP SEC 500', '4800', '102.61', '103.61', 4, 0, '0000-00-00 00:00:00'),
(709015, 'ARTHREXIN 50MG CAP SEC 100', '5000', '43.16', '44.16', 4, 0, '0000-00-00 00:00:00'),
(709020, 'ARTHREXIN 100mg SUPPS 10', '34606', '13.23', '14.23', 4, 0, '0000-00-00 00:00:00'),
(709102, 'ASCABIOL EMULSION 100ml ZA', '9850', '19.01', '20.01', 4, 0, '0000-00-00 00:00:00'),
(709405, 'ASPEN BROMOCRIPT 2.5MG TAB BOT30', '13333', '45.15', '46.15', 4, 0, '0000-00-00 00:00:00'),
(709406, 'ASPEN BROMOCRIPT 2.5MG TAB BOT 30 ZA', '20000', '31.65', '32.65', 4, 0, '0000-00-00 00:00:00'),
(709500, 'ASPEN AZITHROMYCIN500MGTAB BL3', '39000', '21.29', '22.29', 4, 0, '0000-00-00 00:00:00'),
(709503, 'AZITHROMYCIN S ASPEN 200MG/5ML 15ML ZA', '16100', '25.50', '26.50', 4, 0, '0000-00-00 00:00:00'),
(709504, 'AZITHROMYCIN S ASPEN 200MG/5ML 30ML ZA', '9200', '34.81', '35.81', 4, 0, '0000-00-00 00:00:00'),
(755511, 'HAMBURG TEA', '17600', '13.36', '14.36', 3, 0, '0000-00-00 00:00:00'),
(756400, 'TRIPARC POW PLAIN SAC 144 DISP ZA', '3694', '69.75', '70.75', 3, 0, '0000-00-00 00:00:00'),
(756402, 'TRIPARC POW LEMON SAC 12 ZA', '42505', '6.69', '7.69', 3, 0, '0000-00-00 00:00:00'),
(756403, 'TRIPARC POW PLAIN SAC 12 ZA', '44325', '6.33', '7.33', 3, 0, '0000-00-00 00:00:00'),
(756407, 'TRIPARC POW  PLAIN SAC 38 ZA', '41991', '14.76', '15.76', 3, 0, '0000-00-00 00:00:00'),
(757505, 'HISTODOR CREAM 20g [NC]', '35250', '8.06', '9.06', 3, 0, '0000-00-00 00:00:00'),
(757601, 'HISTACON CAP', '800', '259.62', '260.62', 3, 0, '0000-00-00 00:00:00'),
(758000, 'ULSEED SUSPENSION 150ML', '16584', '15.17', '16.17', 3, 0, '0000-00-00 00:00:00'),
(758001, 'ULSEED SUSPENSION 300ML', '8291', '32.40', '33.40', 3, 0, '0000-00-00 00:00:00'),
(758002, 'ULSEED SUSPENSION 600ML', '4146', '57.24', '58.24', 3, 0, '0000-00-00 00:00:00'),
(758100, 'BUSTA ANTACID SALTS REG POW 100G 1 ZA', '24000', '16.39', '17.39', 3, 0, '0000-00-00 00:00:00'),
(758101, 'BUSTA ANTACID SALTS REG POW 10x5G ZA', '24000', '10.99', '11.99', 3, 0, '0000-00-00 00:00:00'),
(758102, 'BUSTA ANTACID SALTS ORG POW 100G 1 ZA', '6000', '18.39', '19.39', 3, 0, '0000-00-00 00:00:00'),
(758103, 'BUSTA ANTACID SALTS ORG POW 10x5G ZA', '12000', '11.59', '12.59', 3, 0, '0000-00-00 00:00:00'),
(758505, 'HY-PO-TONE 250MG TAB SEC 100', '15000', '61.53', '62.53', 3, 0, '0000-00-00 00:00:00'),
(758510, 'HY-PO-TONE 250MG TAB SEC 500', '3000', '270.36', '271.36', 3, 0, '0000-00-00 00:00:00'),
(758515, 'HY-PO-TONE 500MG TAB SEC 100', '2000', '150.19', '151.19', 3, 0, '0000-00-00 00:00:00'),
(758517, 'HY-PO-TONE 250MG TAB B/BAG 56', '26785', '29.69', '30.69', 3, 0, '0000-00-00 00:00:00'),
(758518, 'HY-PO-TONE 250MG TAB B/BAG 84', '17857', '43.99', '44.99', 3, 0, '0000-00-00 00:00:00'),
(759505, 'HYOSPASMOL 10MG TAB B/BAG 10', '75000', '8.58', '9.58', 3, 0, '0000-00-00 00:00:00'),
(759506, 'HYOSPASMOL 10MG TAB 10 B/B', '75000', '8.38', '9.38', 3, 0, '0000-00-00 00:00:00'),
(759510, 'HYOSPASMOL 10MG TAB SEC 100', '7500', '78.92', '79.92', 3, 0, '0000-00-00 00:00:00'),
(759512, 'HYOSPASMOL 10MG TAB BL 20', '37500', '17.14', '18.14', 3, 0, '0000-00-00 00:00:00'),
(759513, 'HYOSPASMOL 10MG TAB BL 10', '75000', '8.74', '9.74', 3, 0, '0000-00-00 00:00:00'),
(759514, 'HYOSPASMOL SYRUP 100ML', '49900', '11.07', '12.07', 3, 0, '0000-00-00 00:00:00'),
(760005, 'HYPERPHEN 10MG TAB SEC 100', '6800', '35.75', '36.75', 3, 0, '0000-00-00 00:00:00'),
(760015, 'HYPERPHEN 50MG TAB SEC 100', '6000', '62.28', '63.28', 3, 0, '0000-00-00 00:00:00'),
(760020, 'HYPERPHEN 50MG TAB SEC 500', '1200', '236.67', '237.67', 3, 0, '0000-00-00 00:00:00'),
(760600, 'IBUCOD TABLETS 30', '6666', '18.54', '19.54', 3, 0, '0000-00-00 00:00:00'),
(760605, 'IBUCOD TABLETS 18', '11110', '13.63', '14.63', 3, 0, '0000-00-00 00:00:00'),
(760701, 'IBUMOL TAB SEC 30', '6666', '24.29', '25.29', 3, 0, '0000-00-00 00:00:00'),
(760706, 'IBUMOL TAB SEC 18', '11111', '17.03', '18.03', 3, 0, '0000-00-00 00:00:00'),
(760710, 'IBUMOL BANANA SUSPENSION 100ML', '14925', '17.96', '18.96', 3, 0, '0000-00-00 00:00:00'),
(760715, 'IBUMOL GRAPE SUSPENSION 100ML', '14925', '18.08', '19.08', 3, 0, '0000-00-00 00:00:00'),
(760800, 'IMURAN 50MG INJ POI VIAL 1 ZA', '192', '591.06', '592.06', 3, 0, '0000-00-00 00:00:00'),
(761005, 'I-Glo Eye Drops 15ml', '12500', '13.35', '14.35', 3, 0, '0000-00-00 00:00:00'),
(761100, 'ILOTYCIN-A CREAM 20G [NC] [NF2021]', '14700', '15.55', '16.55', 3, 0, '0000-00-00 00:00:00'),
(761101, 'ILOTYCIN-A GEL 20G [NC]', '14400', '19.03', '20.03', 3, 0, '0000-00-00 00:00:00'),
(761102, 'ILOTYCIN SOL 50ML', '18120', '27.72', '28.72', 3, 0, '0000-00-00 00:00:00'),
(761801, 'INTEFLORA 250MG CAP BOT 10 ZA', '7680', '1.12', '2.12', 3, 0, '0000-00-00 00:00:00'),
(761802, 'INTEFLORA 250MG CAP BOT 20 ZA', '4800', '2.25', '3.25', 3, 0, '0000-00-00 00:00:00'),
(762000, 'ISONIAZID 100MG TAB B/BAG 28', '35704', '7.93', '8.93', 3, 0, '0000-00-00 00:00:00'),
(762701, 'INDOCID 25MG CAP BL 30 EN/FR', '20000', '12.19', '13.19', 3, 0, '0000-00-00 00:00:00'),
(762702, 'INDOCID 25MG CAP BL 30 PORT ONLY', '20000', '12.19', '13.19', 3, 0, '0000-00-00 00:00:00'),
(762704, 'INDOCID 25MG CAP BL 50 ENG(AUS)', '12000', '18.83', '19.83', 3, 0, '0000-00-00 00:00:00'),
(762706, 'INDOCID 25MG CAP BL 60 SPAN(MEX)', '10000', '22.02', '23.02', 3, 0, '0000-00-00 00:00:00'),
(762709, 'INDOCID 50MG CAP BL 30 PORT ONLY', '6000', '19.33', '20.33', 3, 0, '0000-00-00 00:00:00'),
(763501, 'INZA 200MG TAB BL 15', '50000', '7.55', '8.55', 3, 0, '0000-00-00 00:00:00'),
(763506, 'INZA 200MG TAB B/BAG 15', '50000', '5.46', '6.46', 3, 0, '0000-00-00 00:00:00'),
(792603, 'ASPEN PANTOPRAZOLE 40MG TAB BL 30 ZA', '42857', '4.49', '5.49', 10, 0, '0000-00-00 00:00:00'),
(792604, 'ASPEN PANTOPRAZOLE IV  40MG  VIL 5X10ML', '12000', '4.05', '5.05', 10, 0, '0000-00-00 00:00:00'),
(792900, 'PREXOLAN 10MG TAB BL 30 ZA', '2000', '9.19', '10.19', 10, 0, '0000-00-00 00:00:00'),
(792901, 'PREXOLAN 2.5MG TAB BL 30 ZA', '3000', '4.41', '5.41', 10, 0, '0000-00-00 00:00:00'),
(792902, 'PREXOLAN 5MG TAB BL 30 ZA', '2000', '7.01', '8.01', 10, 0, '0000-00-00 00:00:00'),
(792903, 'PREXOLAN 10MG POI  VIAL 1 ZA', '6000', '2.00', '10.00', 10, 0, '0000-00-00 00:00:00'),
(792910, 'PREXOLAN 10MG ODT BL 30 ZA', '1000', '9.40', '10.40', 10, 0, '0000-00-00 00:00:00'),
(792911, 'PREXOLAN 5MG ODT BL 30 ZA', '1000', '7.26', '8.26', 10, 0, '0000-00-00 00:00:00'),
(793005, 'PERSIVATE CREAM 15g [C]', '65999', '6.50', '7.50', 10, 0, '0000-00-00 00:00:00'),
(793010, 'PERSIVATE CREAM 500g [C]', '1980', '99.30', '100.30', 10, 0, '0000-00-00 00:00:00'),
(793015, 'PERSIVATE OINTMENT 15g [C]', '58800', '8.96', '9.96', 10, 0, '0000-00-00 00:00:00'),
(793020, 'PERSIVATE OINTMENT 500g [C]', '1764', '186.40', '187.40', 10, 0, '0000-00-00 00:00:00'),
(793301, 'PARASPEN 1G INF VIAL 10X100ML ZA', '6000', '7.14', '8.14', 10, 0, '0000-00-00 00:00:00'),
(794300, 'OROTHROAT 1.2MG BLACKCURRANT LOZ BL 12', '30516', '8.66', '9.66', 10, 0, '0000-00-00 00:00:00'),
(794301, 'OROTHROAT 1.2MG BLACKCURRANT LOZ BL 24', '15258', '16.05', '17.05', 10, 0, '0000-00-00 00:00:00'),
(794302, 'OROTHROAT 1.2MG HONEY&LEMON LOZ BL 12 ZA', '30516', '8.66', '9.66', 10, 0, '0000-00-00 00:00:00'),
(794303, 'OROTHROAT 1.2MG HONEY&LEMON LOZ BL 24 ZA', '15258', '16.05', '17.05', 10, 0, '0000-00-00 00:00:00'),
(794306, 'OROTHROAT 1.2MG ORANGE LOZ BL 12 ZA', '30516', '8.66', '9.66', 10, 0, '0000-00-00 00:00:00'),
(794307, 'OROTHROAT 1.2MG ORANGE LOZ BL 24 ZA', '15258', '16.05', '17.05', 10, 0, '0000-00-00 00:00:00'),
(794495, 'PHARMAPRESS 20MG TAB BL 30 B/P', '58333', '5.47', '6.47', 10, 0, '0000-00-00 00:00:00'),
(794500, 'PHARMAPRESS 10MG TAB BL 30 B/P', '120000', '3.95', '4.95', 10, 0, '0000-00-00 00:00:00'),
(794501, 'PHARMAPRESS CO TAB BL 30 IMA', '30000', '11.69', '12.69', 10, 0, '0000-00-00 00:00:00'),
(794605, 'PHARMAPRESS 10MG TAB BL 28', '128571', '3.53', '4.53', 10, 0, '0000-00-00 00:00:00'),
(794610, 'PHARMAPRESS 20MG TAB BL 28', '62500', '5.07', '6.07', 10, 0, '0000-00-00 00:00:00'),
(794903, 'PREZISTA 300MG TAB BOT 120 EN/FR', '1166', '719.24', '720.24', 10, 0, '0000-00-00 00:00:00'),
(794905, 'PREZISTA 150MG TAB SEC 240 ZA', '40', '572.16', '573.16', 10, 0, '0000-00-00 00:00:00'),
(794906, 'PREZISTA 75MG TAB SEC 480 ZA', '40', '639.82', '640.82', 10, 0, '0000-00-00 00:00:00'),
(794911, 'PREZISTA 400MG TAB SEC 60 ZA', '40', '380.80', '381.80', 10, 0, '0000-00-00 00:00:00'),
(795021, 'DICLO-FLAM BLACKCURR TAB BL 9', '40000', '8.89', '9.89', 10, 0, '0000-00-00 00:00:00'),
(795022, 'DICLOFLAM BLACKCURRANT TAB BL 9 ZA', '1', '0.00', '1.00', 10, 0, '0000-00-00 00:00:00'),
(795023, 'DICLOFLAM BLACKCURRANT TAB BL 15 ZA', '1', '0.00', '1.00', 10, 0, '0000-00-00 00:00:00'),
(795027, 'DICLO-FLAM PLAIN 50MG TAB BL30', '12000', '22.22', '23.22', 10, 0, '0000-00-00 00:00:00'),
(795028, 'DICLOFLAM PLAIN 50MG TAB BL 15 ZA', '1', '0.00', '1.00', 10, 0, '0000-00-00 00:00:00'),
(795029, 'DICLOFLAM PLAIN 50MG TAB BL 30 ZA', '1', '0.00', '1.00', 10, 0, '0000-00-00 00:00:00'),
(795204, 'INTELENCE 25MG TAB SEC 120 ZA', '40', '152.43', '153.43', 10, 0, '0000-00-00 00:00:00'),
(795205, 'INTELENCE 100MG TAB SEC 120 ZA', '800', '337.13', '338.13', 10, 0, '0000-00-00 00:00:00'),
(795522, 'HYOSPASMOL 10MG TAB SEC 10X12', '75000', '16.57', '17.57', 10, 0, '0000-00-00 00:00:00'),
(795526, 'HYOSPASMOL TAB BL 10', '75000', '8.76', '9.76', 10, 0, '0000-00-00 00:00:00'),
(795527, 'HYOSPASMOL 20MG/ML 10 ZA', '4115', '94.00', '95.00', 10, 0, '0000-00-00 00:00:00'),
(795706, 'PHENERINE 50MG TAB B/BAG 28', '35714', '11.61', '12.61', 10, 0, '0000-00-00 00:00:00'),
(795711, 'PHENERINE 50MG TAB B/B 56', '17857', '22.12', '23.12', 10, 0, '0000-00-00 00:00:00'),
(795716, 'PHENERINE 50MG TAB B/BAG 84', '11904', '32.52', '33.52', 10, 0, '0000-00-00 00:00:00'),
(795717, 'PHENERINE 50MG TAB SEC 100', '10000', '0.00', '1.00', 10, 0, '0000-00-00 00:00:00'),
(796505, 'PHENYTOIN SOD 100MG CAPSEC 100', '15000', '39.32', '40.32', 10, 0, '0000-00-00 00:00:00'),
(796510, 'PHENYTOIN SOD 100MG TAB SEC500', '2000', '142.93', '143.93', 10, 0, '0000-00-00 00:00:00'),
(796515, 'PHENYTOIN SOD 100MGCAP B/BAG84', '17857', '23.64', '24.64', 10, 0, '0000-00-00 00:00:00'),
(796520, 'PHENYTOIN SOD 100MGCAP BOT1000', '1500', '312.98', '313.98', 10, 0, '0000-00-00 00:00:00'),
(796525, 'PHENYTOIN SOD 100MGTAB SEC1000', '1000', '328.37', '329.37', 10, 0, '0000-00-00 00:00:00'),
(796530, 'PHENYTOIN SOD100MGTAB BULK5000', '200', '1397.62', '1398.62', 10, 0, '0000-00-00 00:00:00'),
(796536, 'PHENYTOIN SOD 100MGTAB B/BAG84', '11904', '22.43', '23.43', 10, 0, '0000-00-00 00:00:00'),
(796548, 'PHENYTOIN SOD 100MG TAB SEC 90', '11111', '28.13', '29.13', 10, 0, '0000-00-00 00:00:00'),
(798505, 'PLENISH-K 600MG TAB SEC 100', '2560', '104.57', '105.57', 10, 0, '0000-00-00 00:00:00'),
(799020, 'PODINE OINTMENT 500G', '1000', '79.75', '80.75', 10, 0, '0000-00-00 00:00:00'),
(800505, 'POSTOVAL TABLETS 28', '87719', '24.54', '25.54', 10, 0, '0000-00-00 00:00:00'),
(801010, 'POTASSIUM CITRATE MIX 200ML', '25000', '10.71', '11.71', 10, 0, '0000-00-00 00:00:00'),
(801100, 'POTASSIUM IODATE 50MGTAB BL100', '8500', '56.39', '57.39', 10, 0, '0000-00-00 00:00:00'),
(801400, 'PLENISH-K 600MG SR TAB SEC 100', '3000', '52.88', '53.88', 10, 0, '0000-00-00 00:00:00'),
(801401, 'PLENISH-K 600MG TAB SEC 100 (Rework)', '10000', '27.37', '28.37', 10, 0, '0000-00-00 00:00:00'),
(801402, 'PLENISH-K 600 MG SR TAB SEC 100 (PVT)', '9000', '50.33', '51.33', 10, 0, '0000-00-00 00:00:00'),
(801403, 'PLENISH-K 600 MG SR TAB SEC 100 ZA', '30000', '29.47', '30.47', 10, 0, '0000-00-00 00:00:00'),
(801725, 'ARIMENTIA 5MG TAB BL 30 ZA', '5000', '31.52', '32.52', 10, 0, '0000-00-00 00:00:00'),
(801730, 'ARIMENTIA 10MG TAB BL 30 ZA', '2916', '55.85', '56.85', 10, 0, '0000-00-00 00:00:00'),
(802505, 'PREP CREAM 100G JAR [NC]', '9900', '21.22', '22.22', 10, 0, '0000-00-00 00:00:00'),
(802510, 'PREP CREAM 250G JAR [NC]', '3960', '46.49', '47.49', 10, 0, '0000-00-00 00:00:00'),
(802515, 'PREP CREAM 500G JAR [NC]', '2000', '93.64', '94.64', 10, 0, '0000-00-00 00:00:00'),
(802555, 'PREP CREAM 100G TUBE [NC]', '9900', '19.80', '20.80', 10, 0, '0000-00-00 00:00:00'),
(802600, 'PROBANTHINE 15MG TAB SEC 100', '15000', '61.95', '62.95', 10, 0, '0000-00-00 00:00:00'),
(802601, 'PRO-BANTHINE 15MG TAB SEC 100 ZA', '15000', '77.27', '78.27', 10, 0, '0000-00-00 00:00:00'),
(803010, 'PUMA BALM 50G JAR [NC]', '11880', '19.33', '20.33', 10, 0, '0000-00-00 00:00:00'),
(803015, 'PUMA COUGH SYRUP 100ML', '49250', '8.38', '9.38', 10, 0, '0000-00-00 00:00:00'),
(803020, 'PUMA COUGH SYRUP 50ML', '98500', '6.23', '7.23', 10, 0, '0000-00-00 00:00:00'),
(803700, 'PROTAMINE SULPHATE 50MG INJ 10X5ML ZA', '6000', '174.67', '175.67', 10, 0, '0000-00-00 00:00:00'),
(803907, 'ASPEN CETIRIZINE 10MGTAB BL 30 ZA', '6666', '9.34', '10.34', 10, 0, '0000-00-00 00:00:00'),
(803912, 'ASPEN CETIRIZINE 10MGTAB BL 10 ZA', '20000', '5.49', '6.49', 10, 0, '0000-00-00 00:00:00'),
(803915, 'ASPEN CETIRIZINE 1mg/1ml SOLUTION 150ml', '6599', '18.51', '19.51', 10, 0, '0000-00-00 00:00:00'),
(804101, 'PROBEN 500MG TAB 100 SEC ZA', '1500', '505.55', '506.55', 10, 0, '0000-00-00 00:00:00'),
(804102, 'PROBEN 500MG TAB SEC 100', '1500', '484.48', '485.48', 10, 0, '0000-00-00 00:00:00'),
(804505, 'PURATA 15MG TAB BL 100', '11250', '29.95', '30.95', 10, 0, '0000-00-00 00:00:00'),
(804510, 'PURATA 10MG TAB BL 100', '11250', '25.76', '26.76', 10, 0, '0000-00-00 00:00:00'),
(804535, 'PURATA 30MG TAB SEC 100', '11250', '30.43', '31.43', 10, 0, '0000-00-00 00:00:00'),
(805005, 'PURBAC DS TAB BL 10', '40000', '8.37', '9.37', 10, 0, '0000-00-00 00:00:00'),
(805010, 'PURBAC DS TAB BOT 250', '1600', '166.86', '167.86', 10, 0, '0000-00-00 00:00:00'),
(805012, 'PURBAC DS TAB BL 30', '13333', '22.38', '23.38', 10, 0, '0000-00-00 00:00:00'),
(805045, 'PURBAC TAB BOT 500', '1680', '182.46', '183.46', 10, 0, '0000-00-00 00:00:00'),
(805061, 'PURBAC 5ML 10', '1905', '102.15', '103.15', 10, 0, '0000-00-00 00:00:00'),
(805100, 'ROVULUM 2MG TAB BL 28 ZA', '20000', '5.39', '6.39', 10, 0, '0000-00-00 00:00:00'),
(805200, 'Gradovir 50mg Tab Bot 30 (PVT)', '13333', '49.40', '50.40', 10, 0, '0000-00-00 00:00:00'),
(805201, 'Gradovir 50mg Tab Bot 28 TND', '14285', '41.52', '42.52', 10, 0, '0000-00-00 00:00:00'),
(805400, 'AZITHROMYCIN NF ASPEN 500MG TAB BL 3 ZA', '80000', '16.51', '17.51', 10, 0, '0000-00-00 00:00:00'),
(805401, 'AZITHROMYCIN NF ASP 500MG T BL3', '40000', '17.93', '18.93', 10, 0, '0000-00-00 00:00:00'),
(806008, 'PURESIS  40 MG TABS BOT 30', '100000', '6.51', '7.51', 10, 0, '0000-00-00 00:00:00'),
(806012, 'PURESIS 40MG TABS 250', '6000', '49.23', '50.23', 10, 0, '0000-00-00 00:00:00'),
(806013, 'PURESIS 40MG TAB 250 SAC ZA', '4000', '43.77', '44.77', 10, 0, '0000-00-00 00:00:00'),
(806014, 'PURESIS 40MG TAB 30 SEC ZA', '33333', '9.29', '10.29', 10, 0, '0000-00-00 00:00:00'),
(806200, 'PINTOREL 0.5MG TAB BOT 2 ZA', '1', '16.13', '17.13', 10, 0, '0000-00-00 00:00:00'),
(806201, 'PINTOREL 0.5MG TAB BOT 4 ZA', '1', '28.02', '29.02', 10, 0, '0000-00-00 00:00:00'),
(806400, 'MACEPATAN OINTMENT 20g [C]', '14700', '10.12', '11.12', 10, 0, '0000-00-00 00:00:00'),
(806401, 'MACEPATAN OINTMENT 50g [C]', '5880', '25.22', '26.22', 10, 0, '0000-00-00 00:00:00'),
(806505, 'PURGOXIN 0.25mg TABS 100', '10000', '30.01', '31.01', 10, 0, '0000-00-00 00:00:00'),
(807005, 'PURICOS 100MG TAB BL 100', '4000', '52.49', '53.49', 10, 0, '0000-00-00 00:00:00'),
(807010, 'PURICOS 100MG TAB SEC 500', '800', '196.57', '197.57', 10, 0, '0000-00-00 00:00:00'),
(807015, 'PURICOS 300MG TAB BP 30', '21466', '19.80', '20.80', 10, 0, '0000-00-00 00:00:00'),
(807020, 'PURICOS 300MG TAB SEC 250', '2576', '149.38', '150.38', 10, 0, '0000-00-00 00:00:00'),
(807025, 'PURICOS 300MG TAB B/BAG 30', '21466', '16.96', '17.96', 10, 0, '0000-00-00 00:00:00'),
(807101, 'PURICOS 100MG 500s', '0', '0.00', '1.00', 10, 0, '0000-00-00 00:00:00'),
(807400, 'PURI-NETHOL 50MG TAB GL BTL 25 (ZA)', '5000', '867.91', '868.91', 10, 0, '0000-00-00 00:00:00'),
(808010, 'PURMYCIN 250MG CAP SEC 100', '7000', '82.95', '83.95', 10, 0, '0000-00-00 00:00:00'),
(808015, 'PURMYCIN 250MG CAP BOT 500', '1400', '393.19', '394.19', 10, 0, '0000-00-00 00:00:00'),
(808020, 'PURMYCIN-125 SUSPENSION 100ML', '14400', '18.02', '19.02', 10, 0, '0000-00-00 00:00:00'),
(808025, 'PURMYCIN-250 SUSPENSION 100ML', '14400', '26.04', '27.04', 10, 0, '0000-00-00 00:00:00'),
(809005, 'ASPEN QUININE 300MG TAB SEC100', '3000', '111.88', '112.88', 10, 0, '0000-00-00 00:00:00'),
(809009, 'ASPEN QUININE 300MG TAB SEC 100 ZA', '-14', '0.00', '1.00', 10, 0, '0000-00-00 00:00:00'),
(809701, 'PEXASP 0.125MG TAB BL 100 ZA', '1000', '3.92', '4.92', 10, 0, '0000-00-00 00:00:00'),
(809702, 'PEXASP 0.25MG  TAB BL 100 ZA', '1000', '4.61', '5.61', 10, 0, '0000-00-00 00:00:00'),
(809703, 'PEXASP 1.0MG  TAB BL 100 ZA', '1000', '15.57', '16.57', 10, 0, '0000-00-00 00:00:00'),
(810805, 'R-CIN 100MG  SUSP GL BOT 180ML 1 ZA', '12000', '37.99', '38.99', 10, 0, '0000-00-00 00:00:00'),
(810905, 'RAMPIL 1.25MG CAP BL 30', '10000', '30.18', '31.18', 10, 0, '0000-00-00 00:00:00'),
(810906, 'RAMPIL 1.25MG CAP 30 ZA', '10000', '19.34', '20.34', 10, 0, '0000-00-00 00:00:00'),
(810910, 'RAMPIL 2.5MG CAP BL 30', '10000', '30.32', '31.32', 10, 0, '0000-00-00 00:00:00'),
(810911, 'RAMPIL 2.5MG CAP 30 ZA', '10000', '20.75', '21.75', 10, 0, '0000-00-00 00:00:00'),
(810915, 'RAMPIL 5MG CAP BL 30', '10000', '33.47', '34.47', 10, 0, '0000-00-00 00:00:00'),
(810916, 'RAMPIL 5MG CAP 30 ZA', '10000', '22.86', '23.86', 10, 0, '0000-00-00 00:00:00'),
(810920, 'RAMPIL 10MG CAP BL 30', '10000', '40.85', '41.85', 10, 0, '0000-00-00 00:00:00'),
(810921, 'RAMPIL 10MG CAP 30 ZA', '5000', '31.65', '32.65', 10, 0, '0000-00-00 00:00:00'),
(812007, 'A-LEN RESERPINE 0.25MG TABS 28', '27714', '14.01', '15.01', 10, 0, '0000-00-00 00:00:00'),
(812009, 'A-LENNON RESERPINE 0.25MG TAB SEC 28 ZA', '28571', '8.62', '9.62', 10, 0, '0000-00-00 00:00:00'),
(812500, 'VULANTE TABS BOT 30', '19333', '85.41', '86.41', 10, 0, '0000-00-00 00:00:00'),
(812501, 'VULANTE TABS BOT 28 TND', '20714', '64.05', '65.05', 10, 0, '0000-00-00 00:00:00'),
(814005, 'RIDAQ 25MG TAB B/BAG 28', '178571', '2.51', '3.51', 10, 0, '0000-00-00 00:00:00'),
(814010, 'RIDAQ 25MG TAB SEC 500 TENDER', '10000', '41.39', '42.39', 10, 0, '0000-00-00 00:00:00'),
(814011, 'RIDAQ 25MG TAB SEC 500', '10000', '41.01', '42.01', 10, 0, '0000-00-00 00:00:00'),
(814030, 'RIDAQ 12.5MG TAB B/BAG 28', '178571', '2.47', '3.47', 10, 0, '0000-00-00 00:00:00'),
(814035, 'RIDAQ 12.5MG TAB BOT 30', '166666', '9.59', '10.59', 10, 0, '0000-00-00 00:00:00'),
(814036, 'Ridaq 12.5mg Tab bl 30', '166666', '5.73', '6.73', 10, 0, '0000-00-00 00:00:00'),
(814100, 'RINEX DIFFU CAP BL 10', '150000', '29.08', '30.08', 10, 0, '0000-00-00 00:00:00'),
(814110, 'RINEX SYRUP 100ML', '24875', '12.33', '13.33', 10, 0, '0000-00-00 00:00:00'),
(814112, 'RINEX PED SYRUP 200ML', '24950', '16.38', '17.38', 10, 0, '0000-00-00 00:00:00'),
(814130, 'RINEX PED SYRUP 100ML', '49900', '9.77', '10.77', 10, 0, '0000-00-00 00:00:00'),
(814510, 'ROBAXIN 500MG TAB BL 50', '3900', '82.15', '83.15', 10, 0, '0000-00-00 00:00:00'),
(814520, 'ROBAXIN 750MG TAB BL 50', '2600', '107.23', '108.23', 10, 0, '0000-00-00 00:00:00'),
(814716, 'ROBINUL 0.2MG/ML 2ML INJ 10S', '12500', '0.00', '1.00', 10, 0, '0000-00-00 00:00:00'),
(814717, 'ROBINUL 0.2MG/ML 2ML INJ 10', '6622', '77.03', '78.03', 10, 0, '0000-00-00 00:00:00'),
(815100, 'SYNAPAUSE 01.% VCR TB 15GM ZA', '8250', '142.86', '143.86', 10, 0, '0000-00-00 00:00:00'),
(815520, 'Safyr Bleu Eye Drop 5ml - S0', '120000', '7.97', '8.97', 10, 0, '0000-00-00 00:00:00'),
(815521, 'Safyr Bleu Eye Drop 10ml - S0', '50000', '11.76', '12.76', 10, 0, '0000-00-00 00:00:00'),
(815522, 'Safyr Bleu Eye Drop 15ml - S0', '40000', '14.62', '15.62', 10, 0, '0000-00-00 00:00:00'),
(815523, 'SAFYR BLEU EDR 5ML', '22000', '8.56', '9.56', 10, 0, '0000-00-00 00:00:00'),
(815524, 'SAFYR BLEU EDR 10ML', '19000', '9.64', '10.64', 10, 0, '0000-00-00 00:00:00'),
(815525, 'SAFYR BLEU EDR 15ML', '13000', '11.57', '12.57', 10, 0, '0000-00-00 00:00:00'),
(816000, 'SCORBEX 1G EFT 10 ZA', '1', '0.00', '1.00', 10, 0, '0000-00-00 00:00:00'),
(816001, 'SCORBEX 1 G EFT 20 ZA', '1', '0.00', '1.00', 10, 0, '0000-00-00 00:00:00'),
(816002, 'SCORBEX 1 G EFT 30 ZA', '1', '0.00', '1.00', 10, 0, '0000-00-00 00:00:00'),
(816200, 'SINUGESIC TAB 20', '25000', '13.02', '14.02', 10, 0, '0000-00-00 00:00:00'),
(816501, 'SEDINOL TABLETS 36 BL ZA', '7916', '29.78', '30.78', 10, 0, '0000-00-00 00:00:00'),
(816505, 'SEDINOL TABS 18 [BLISTER]', '15833', '16.17', '17.17', 10, 0, '0000-00-00 00:00:00'),
(817005, 'SEREPAX 10MG TABLETS 100', '5000', '34.67', '35.67', 10, 0, '0000-00-00 00:00:00'),
(817006, 'SEREPAX 10MG TAB 100 ZA', '10000', '42.72', '43.72', 10, 0, '0000-00-00 00:00:00'),
(817015, 'SEREPAX 15MG TABLETS 100', '4750', '44.69', '45.69', 10, 0, '0000-00-00 00:00:00'),
(817016, 'SEREPAX 15MG TAB 100 ZA', '5000', '48.62', '49.62', 10, 0, '0000-00-00 00:00:00'),
(817025, 'SEREPAX FORTE TABLETS 100', '4875', '48.85', '49.85', 10, 0, '0000-00-00 00:00:00'),
(817700, 'Safyr Bleu Pro 5ml', '60000', '1.08', '2.08', 10, 0, '0000-00-00 00:00:00'),
(817701, 'Safyr Bleu Pro 10ml', '50000', '1.54', '2.54', 10, 0, '0000-00-00 00:00:00'),
(817702, 'Safyr Bleu Pro 15ml', '40000', '1.78', '2.78', 10, 0, '0000-00-00 00:00:00'),
(818504, 'FERRIMED CAP 60 BOT ZA', '10000', '90.69', '91.69', 10, 0, '0000-00-00 00:00:00'),
(818505, 'FERRIMED SYR 100ML BOT ZA', '20000', '42.74', '43.74', 10, 0, '0000-00-00 00:00:00'),
(818506, 'FERRIMED 100MG CHU BL 30 ZA', '30000', '101.83', '102.83', 10, 0, '0000-00-00 00:00:00'),
(819006, 'SOLMUCOL 100MG LOZ BL 24 ZA', '8300', '56.16', '57.16', 10, 0, '0000-00-00 00:00:00'),
(819010, 'SOLMUCOL 200MG LOZ SACH 20 ZA', '11500', '39.74', '40.74', 10, 0, '0000-00-00 00:00:00'),
(819012, 'SOLMUCOL 200MG SAC 20 ZA', '11500', '42.08', '43.08', 10, 0, '0000-00-00 00:00:00'),
(819015, 'SOLMUCOL 400MG LOZ SACH 30 ZA', '6500', '71.34', '72.34', 10, 0, '0000-00-00 00:00:00'),
(7058500, 'ASPEN FLUCONAZOLE 50MG CAP BLT 14 ASP', '7142', '21.10', '22.10', 4, 0, '0000-00-00 00:00:00');

-- --------------------------------------------------------

--
-- Table structure for table `sales`
--

CREATE TABLE `sales` (
  `id` int(11) UNSIGNED NOT NULL,
  `product_id` int(11) UNSIGNED NOT NULL,
  `qty` int(11) NOT NULL,
  `price` decimal(25,2) NOT NULL,
  `date` date NOT NULL
) ENGINE=InnoDB DEFAULT CHARSET=utf8 COLLATE=utf8_general_ci;

--
-- Dumping data for table `sales`
--

INSERT INTO `sales` (`id`, `product_id`, `qty`, `price`, `date`) VALUES
(9, 14, 2, '290.00', '2023-12-01'),
(10, 809009, 15, '15.00', '2023-12-02'),
(11, 762000, 10, '89.30', '2023-12-02');

-- --------------------------------------------------------

--
-- Table structure for table `users`
--

CREATE TABLE `users` (
  `id` int(11) UNSIGNED NOT NULL,
  `name` varchar(60) NOT NULL,
  `username` varchar(50) NOT NULL,
  `password` varchar(255) NOT NULL,
  `user_level` int(11) NOT NULL,
  `image` varchar(255) DEFAULT 'no_image.jpg',
  `status` int(1) NOT NULL,
  `last_login` datetime DEFAULT NULL
) ENGINE=InnoDB DEFAULT CHARSET=latin1 COLLATE=latin1_swedish_ci;

--
-- Dumping data for table `users`
--

INSERT INTO `users` (`id`, `name`, `username`, `password`, `user_level`, `image`, `status`, `last_login`) VALUES
(1, 'Aastha', 'Admin', 'd033e22ae348aeb5660fc2140aec35850c4da997', 1, 'no_image.png', 1, '2023-12-02 07:52:12'),
(2, 'Mehar', 'Special', 'ba36b97a41e7faf742ab09bf88405ac04f99599a', 2, 'no_image.png', 1, '2023-12-02 07:36:23'),
(3, 'Pragati', 'User', '12dea96fec20593566ab75692c9949596833adc9', 3, 'no_image.png', 1, '2023-12-02 07:52:26'),
(4, 'Gayathri', 'gutla.gayathri', '5baa61e4c9b93f3f0682250b6cf8331b7ee68fd8', 3, 'no_image.png', 1, NULL),
(5, 'Abhiram', 'abhiram.nair', '5baa61e4c9b93f3f0682250b6cf8331b7ee68fd8', 3, 'no_image.png', 1, '2021-04-04 19:54:29');

-- --------------------------------------------------------

--
-- Table structure for table `user_groups`
--

CREATE TABLE `user_groups` (
  `id` int(11) NOT NULL,
  `group_name` varchar(150) NOT NULL,
  `group_level` int(11) NOT NULL,
  `group_status` int(1) NOT NULL
) ENGINE=InnoDB DEFAULT CHARSET=latin1 COLLATE=latin1_swedish_ci;

--
-- Dumping data for table `user_groups`
--

INSERT INTO `user_groups` (`id`, `group_name`, `group_level`, `group_status`) VALUES
(1, 'Admin', 1, 1),
(2, 'special', 2, 1),
(3, 'User', 3, 1);

--
-- Indexes for dumped tables
--

--
-- Indexes for table `categories`
--
ALTER TABLE `categories`
  ADD PRIMARY KEY (`id`),
  ADD UNIQUE KEY `name` (`name`);

--
-- Indexes for table `media`
--
ALTER TABLE `media`
  ADD PRIMARY KEY (`id`),
  ADD KEY `id` (`id`);

--
-- Indexes for table `products`
--
ALTER TABLE `products`
  ADD PRIMARY KEY (`id`),
  ADD UNIQUE KEY `name` (`name`),
  ADD KEY `categorie_id` (`categorie_id`),
  ADD KEY `media_id` (`media_id`);

--
-- Indexes for table `sales`
--
ALTER TABLE `sales`
  ADD PRIMARY KEY (`id`),
  ADD KEY `product_id` (`product_id`);

--
-- Indexes for table `users`
--
ALTER TABLE `users`
  ADD PRIMARY KEY (`id`),
  ADD KEY `user_level` (`user_level`);

--
-- Indexes for table `user_groups`
--
ALTER TABLE `user_groups`
  ADD PRIMARY KEY (`id`),
  ADD UNIQUE KEY `group_level` (`group_level`);

--
-- AUTO_INCREMENT for dumped tables
--

--
-- AUTO_INCREMENT for table `categories`
--
ALTER TABLE `categories`
  MODIFY `id` int(11) UNSIGNED NOT NULL AUTO_INCREMENT, AUTO_INCREMENT=11;

--
-- AUTO_INCREMENT for table `media`
--
ALTER TABLE `media`
  MODIFY `id` int(11) UNSIGNED NOT NULL AUTO_INCREMENT;

--
-- AUTO_INCREMENT for table `products`
--
ALTER TABLE `products`
  MODIFY `id` int(11) UNSIGNED NOT NULL AUTO_INCREMENT, AUTO_INCREMENT=7058501;

--
-- AUTO_INCREMENT for table `sales`
--
ALTER TABLE `sales`
  MODIFY `id` int(11) UNSIGNED NOT NULL AUTO_INCREMENT, AUTO_INCREMENT=12;

--
-- AUTO_INCREMENT for table `users`
--
ALTER TABLE `users`
  MODIFY `id` int(11) UNSIGNED NOT NULL AUTO_INCREMENT, AUTO_INCREMENT=6;

--
-- AUTO_INCREMENT for table `user_groups`
--
ALTER TABLE `user_groups`
  MODIFY `id` int(11) NOT NULL AUTO_INCREMENT, AUTO_INCREMENT=4;

--
-- Constraints for dumped tables
--

--
-- Constraints for table `products`
--
ALTER TABLE `products`
  ADD CONSTRAINT `FK_products` FOREIGN KEY (`categorie_id`) REFERENCES `categories` (`id`) ON DELETE CASCADE ON UPDATE CASCADE;

--
-- Constraints for table `sales`
--
ALTER TABLE `sales`
  ADD CONSTRAINT `SK` FOREIGN KEY (`product_id`) REFERENCES `products` (`id`) ON DELETE CASCADE ON UPDATE CASCADE;

--
-- Constraints for table `users`
--
ALTER TABLE `users`
  ADD CONSTRAINT `FK_user` FOREIGN KEY (`user_level`) REFERENCES `user_groups` (`group_level`) ON DELETE CASCADE ON UPDATE CASCADE;
COMMIT;

/*!40101 SET CHARACTER_SET_CLIENT=@OLD_CHARACTER_SET_CLIENT */;
/*!40101 SET CHARACTER_SET_RESULTS=@OLD_CHARACTER_SET_RESULTS */;
/*!40101 SET COLLATION_CONNECTION=@OLD_COLLATION_CONNECTION */;
